customer_id,name,gender,age,marital_status,education,employment_type,annual_income
C0001,Katherine Stephenson,Male,39,Married,Postgraduate,Self-employed,1257355
C0002,Deanna Osborne,Male,21,Single,High School,Salaried,1069964
C0003,Jessica Owen,Male,29,Married,Postgraduate,Unemployed,1139703
C0004,Justin Murphy,Female,31,Single,PhD,Salaried,798786
C0005,David Hernandez,Male,44,Divorced,High School,Unemployed,594616
C0006,Christy Gordon,Male,24,Single,Postgraduate,Self-employed,677096
C0007,Lauren Thomas,Female,29,Divorced,High School,Self-employed,1588179
C0008,Kimberly Williams,Male,32,Divorced,Graduate,Unemployed,349899
C0009,David Guerra,Male,43,Divorced,Graduate,Salaried,1187167
C0010,Dennis Simmons,Female,21,Married,PhD,Unemployed,972301
C0011,Patrick Duncan,Male,25,Divorced,Graduate,Salaried,1685150
C0012,Robert Zimmerman,Female,26,Married,High School,Salaried,1202941
C0013,Stephen Andrews,Male,30,Married,PhD,Self-employed,262822
C0014,Matthew Brown,Male,37,Divorced,High School,Salaried,1288855
C0015,Jordan Oliver,Male,30,Single,High School,Self-employed,1682981
C0016,Brittany Cortez,Female,48,Divorced,PhD,Unemployed,622656
C0017,Stephanie Hall,Male,32,Single,High School,Unemployed,990187
C0018,George Washington,Male,38,Single,Graduate,Salaried,1534344
C0019,Regina Conway,Male,47,Single,PhD,Unemployed,430035
C0020,Christopher Brown,Male,59,Single,PhD,Salaried,1250412
C0021,Kevin Villa,Female,45,Divorced,Graduate,Self-employed,1103059
C0022,Diane Spencer,Female,38,Single,PhD,Self-employed,774539
C0023,Tricia Ray,Male,23,Single,High School,Unemployed,926267
C0024,Dennis Stewart,Male,29,Married,PhD,Salaried,1766011
C0025,Jerry Lozano,Female,52,Married,Postgraduate,Self-employed,1532865
C0026,Ashley Tran,Female,63,Divorced,High School,Unemployed,1407666
C0027,Michele Lin,Female,60,Single,Postgraduate,Unemployed,1681425
C0028,Melissa Hicks,Female,42,Single,Postgraduate,Self-employed,462484
C0029,Jessica Stevens,Male,29,Divorced,High School,Unemployed,239493
C0030,Jennifer Sanford,Female,38,Single,Postgraduate,Salaried,1475525
C0031,Randy Garcia,Male,61,Married,PhD,Salaried,1071551
C0032,Richard Wall,Female,47,Married,Graduate,Self-employed,337963
C0033,Ronald Young,Female,24,Divorced,Postgraduate,Self-employed,1873813
C0034,Christopher Francis,Female,33,Single,PhD,Salaried,332744
C0035,Wendy Hall,Male,45,Single,High School,Self-employed,1516595
C0036,Paul May,Female,43,Married,Postgraduate,Salaried,1308741
C0037,Marcus Smith,Male,65,Married,Graduate,Unemployed,1996526
C0038,Holly Barker,Female,62,Divorced,PhD,Unemployed,1402084
C0039,James Ray,Female,34,Single,Graduate,Self-employed,1996584
C0040,Dr. Guy Thomas,Female,59,Single,PhD,Self-employed,1383215
C0041,Paige Flores,Male,41,Single,Postgraduate,Unemployed,1971392
C0042,George Evans,Female,64,Married,PhD,Salaried,821268
C0043,Mr. Steven Chan MD,Female,59,Divorced,High School,Salaried,1331401
C0044,Henry Mathews,Male,61,Married,PhD,Salaried,519095
C0045,Billy Brown,Female,62,Married,High School,Self-employed,1119806
C0046,Stephanie Davis,Male,23,Married,Postgraduate,Salaried,759260
C0047,Mark Mccormick,Female,38,Single,High School,Self-employed,1434839
C0048,Jeremy Baker,Male,53,Single,High School,Unemployed,868093
C0049,Joanne Ware,Male,50,Single,Graduate,Unemployed,958731
C0050,Amanda Spencer,Male,25,Married,High School,Salaried,1684371
C0051,Cassandra Wilson,Female,34,Married,Postgraduate,Salaried,813787
C0052,Melinda Wood,Female,53,Divorced,PhD,Unemployed,918906
C0053,Eric Martinez,Male,28,Single,High School,Self-employed,1484377
C0054,Sandra Delgado,Male,62,Divorced,High School,Unemployed,1403622
C0055,James Oliver,Female,41,Divorced,High School,Unemployed,622393
C0056,Richard Harper,Male,64,Divorced,Graduate,Self-employed,763952
C0057,Keith Phillips,Female,23,Single,Postgraduate,Salaried,441568
C0058,Zachary Jordan,Female,40,Married,Postgraduate,Salaried,860851
C0059,Jennifer Reyes,Male,48,Single,Postgraduate,Unemployed,1935917
C0060,Andrew Stafford,Female,50,Married,PhD,Self-employed,1637992
C0061,Thomas Romero,Male,48,Single,Postgraduate,Self-employed,1448292
C0062,Timothy Alvarez,Male,29,Single,Graduate,Unemployed,1804492
C0063,Jeffrey Cobb,Female,46,Married,Postgraduate,Self-employed,1416677
C0064,Frances Carr,Male,35,Married,Postgraduate,Salaried,1290896
C0065,Nicholas Cooper,Female,49,Divorced,High School,Salaried,1578623
C0066,Lisa White,Female,63,Single,Postgraduate,Unemployed,1982955
C0067,Tina Hernandez,Female,56,Divorced,High School,Unemployed,1656549
C0068,Brian Santiago,Female,28,Single,High School,Self-employed,222833
C0069,James Flores,Female,42,Married,PhD,Salaried,1738071
C0070,Patrick Hinton,Female,26,Divorced,Graduate,Salaried,1143845
C0071,Amy Moore,Female,26,Single,Graduate,Unemployed,1178897
C0072,Mark Garner,Female,48,Married,Postgraduate,Salaried,1658061
C0073,Tiffany Wallace,Female,22,Married,Postgraduate,Self-employed,578009
C0074,Ryan Anderson,Female,24,Single,PhD,Self-employed,1329946
C0075,Phillip Beard,Male,55,Married,High School,Salaried,1122215
C0076,Bonnie Thomas,Male,44,Single,PhD,Self-employed,1755561
C0077,Patrick Brown,Female,48,Single,High School,Self-employed,833600
C0078,Paul Mcgee,Male,24,Married,PhD,Salaried,1052482
C0079,Brandy Allen DVM,Male,45,Married,Postgraduate,Salaried,1633937
C0080,Jason Anderson,Male,34,Married,PhD,Unemployed,780279
C0081,Alexis Wilkins,Male,28,Divorced,Postgraduate,Salaried,846609
C0082,Holly Gordon,Female,45,Divorced,High School,Self-employed,1916359
C0083,Catherine Baker,Male,26,Married,Postgraduate,Unemployed,1258829
C0084,James Gomez,Male,58,Single,High School,Unemployed,1375556
C0085,Deborah Cruz,Male,64,Married,Postgraduate,Salaried,1908725
C0086,Andrea Kelly,Female,34,Single,Graduate,Salaried,1348039
C0087,Joshua Gonzalez,Female,25,Married,High School,Self-employed,893486
C0088,Mary Thompson,Female,55,Divorced,PhD,Salaried,536279
C0089,Brett Miller,Male,59,Married,Postgraduate,Salaried,695144
C0090,Derek Craig,Male,65,Married,Graduate,Self-employed,432834
C0091,Cindy Henderson,Male,31,Married,Postgraduate,Salaried,1848970
C0092,Amy Rogers,Male,24,Single,Graduate,Self-employed,1977176
C0093,Lawrence Molina,Female,64,Single,PhD,Self-employed,1632226
C0094,Michael Daniel,Female,61,Divorced,PhD,Salaried,1870399
C0095,David Gonzales,Male,55,Married,PhD,Salaried,1350572
C0096,Hannah Brandt,Male,27,Single,Graduate,Self-employed,1178923
C0097,Dr. Sharon Friedman,Male,22,Married,PhD,Self-employed,292446
C0098,Latoya Foster,Male,62,Married,High School,Unemployed,239392
C0099,Karen Rice,Female,40,Single,PhD,Unemployed,1592202
C0100,Connie Morrison,Male,38,Divorced,Graduate,Self-employed,916802
C0101,Lindsey Hayes,Female,22,Married,Graduate,Unemployed,241270
C0102,Gilbert Martinez,Female,64,Married,Graduate,Self-employed,668651
C0103,Kyle Hickman,Female,42,Divorced,Graduate,Unemployed,1094102
C0104,Christina Sanchez,Female,21,Single,Postgraduate,Self-employed,1659242
C0105,Janet Green,Male,45,Married,High School,Unemployed,634700
C0106,Ronald Rich,Female,58,Divorced,Postgraduate,Salaried,1697586
C0107,Katrina Beck,Male,38,Single,Postgraduate,Unemployed,1235106
C0108,Donna Davis,Male,64,Single,PhD,Unemployed,1829129
C0109,Adam Knight,Female,63,Divorced,Graduate,Unemployed,947861
C0110,Elizabeth Dickson,Female,33,Divorced,High School,Salaried,1836384
C0111,Kevin Gibson,Female,64,Divorced,Graduate,Salaried,1444587
C0112,Adrian Yoder,Female,35,Divorced,PhD,Salaried,1176473
C0113,Dennis Griffin,Female,63,Divorced,Graduate,Salaried,1120150
C0114,Laura Harrell,Male,44,Divorced,Graduate,Salaried,909782
C0115,John Hurst,Male,29,Divorced,Postgraduate,Unemployed,1179370
C0116,Gabriel Bowman,Female,56,Single,High School,Unemployed,206278
C0117,Hannah Thomas,Male,29,Married,PhD,Unemployed,1304751
C0118,Melanie Lopez,Female,54,Married,High School,Unemployed,963219
C0119,Elizabeth Shaffer,Female,46,Divorced,Graduate,Unemployed,293801
C0120,Erica Rios,Female,27,Divorced,Postgraduate,Salaried,1411865
C0121,Natalie Howard,Male,31,Single,Graduate,Salaried,1509436
C0122,Patricia Jennings,Male,29,Single,Postgraduate,Unemployed,1610737
C0123,Monica Gilbert,Female,44,Divorced,Graduate,Self-employed,1023699
C0124,Amanda Yu,Female,41,Married,High School,Unemployed,524482
C0125,Joanne Spencer,Male,24,Single,High School,Self-employed,1629159
C0126,Amy George,Male,31,Married,Postgraduate,Salaried,1856418
C0127,Amanda Dean,Male,25,Single,Postgraduate,Self-employed,369623
C0128,Kevin Sullivan,Male,47,Single,PhD,Unemployed,1264761
C0129,Colleen Key,Male,43,Married,Postgraduate,Salaried,200484
C0130,Joshua Ramirez,Female,64,Married,Postgraduate,Self-employed,1524229
C0131,Helen Marks,Female,26,Divorced,High School,Unemployed,879013
C0132,Caleb Carney,Male,64,Married,Postgraduate,Salaried,400663
C0133,Amy Ayala,Female,59,Married,Graduate,Unemployed,1640872
C0134,Natalie Gross,Male,41,Divorced,High School,Self-employed,379301
C0135,Benjamin Hernandez,Female,44,Single,Postgraduate,Unemployed,1867248
C0136,Nancy Barrett,Male,25,Married,PhD,Salaried,1110827
C0137,Kathryn Cummings MD,Male,35,Divorced,High School,Salaried,716853
C0138,Robert Dunn,Female,29,Married,PhD,Unemployed,875606
C0139,Vickie Simmons,Male,49,Married,Postgraduate,Unemployed,1182703
C0140,Paul Fuentes,Female,63,Single,High School,Self-employed,1510233
C0141,Gina Bennett,Male,63,Single,Postgraduate,Unemployed,467149
C0142,Shannon Butler,Male,44,Single,High School,Self-employed,283004
C0143,Jeffrey Marsh,Male,28,Single,Postgraduate,Salaried,226023
C0144,Steven Kennedy,Female,39,Divorced,High School,Salaried,630123
C0145,Leslie Lewis,Male,45,Married,PhD,Self-employed,878219
C0146,Allen Mccarty,Female,22,Married,High School,Salaried,1817558
C0147,James Ortiz,Male,37,Divorced,PhD,Salaried,1815585
C0148,Lindsey Stephenson,Male,27,Single,Postgraduate,Unemployed,237900
C0149,Lisa Jackson,Female,25,Single,Graduate,Self-employed,1520881
C0150,Kyle Salazar,Male,29,Married,Graduate,Unemployed,1836615
C0151,Valerie Guzman,Female,29,Married,Postgraduate,Unemployed,1052307
C0152,Kaitlin Alvarez,Female,44,Single,Postgraduate,Salaried,1686581
C0153,Sandra Horton,Female,44,Divorced,Graduate,Salaried,741756
C0154,Bryan Huber,Male,60,Single,PhD,Self-employed,791298
C0155,Christine Banks,Male,38,Married,Graduate,Self-employed,718702
C0156,Stacy Morgan,Male,52,Single,High School,Salaried,1443817
C0157,Kayla Love,Female,35,Married,High School,Self-employed,1294260
C0158,Jaclyn Wilson,Female,48,Divorced,PhD,Unemployed,419525
C0159,Kimberly Garcia,Female,30,Married,Graduate,Self-employed,1138892
C0160,Kathy Fernandez,Male,23,Divorced,Postgraduate,Self-employed,491670
C0161,Christina Lee,Female,48,Single,Postgraduate,Unemployed,286173
C0162,David Sanchez,Male,45,Single,Graduate,Unemployed,1009712
C0163,Jonathon Aguilar,Male,53,Divorced,High School,Salaried,1875549
C0164,Jennifer Vasquez,Female,46,Single,Postgraduate,Salaried,1739704
C0165,Miss Wendy Williamson,Male,50,Married,Postgraduate,Self-employed,1406829
C0166,Ashley Yu,Female,65,Divorced,Postgraduate,Self-employed,982347
C0167,Samantha Williams,Male,61,Married,High School,Self-employed,880206
C0168,Paul Trujillo,Female,57,Single,Graduate,Unemployed,1118514
C0169,Paul Hill,Female,50,Divorced,Postgraduate,Self-employed,1776804
C0170,Corey Ruiz,Female,52,Married,Postgraduate,Unemployed,1993099
C0171,Lisa Hall,Female,37,Divorced,Graduate,Salaried,1766790
C0172,Gina Harrington,Female,29,Divorced,Postgraduate,Self-employed,1809771
C0173,Brittany Jenkins,Female,59,Married,High School,Salaried,1717266
C0174,Grant Brown,Female,51,Divorced,PhD,Unemployed,341758
C0175,James Jones,Female,42,Divorced,PhD,Salaried,1073646
C0176,Ronnie Landry,Male,48,Married,Graduate,Salaried,1405929
C0177,Stephen Gibbs,Female,36,Married,PhD,Unemployed,332144
C0178,Michael Russell,Female,57,Divorced,Graduate,Self-employed,1627214
C0179,Richard Edwards,Male,64,Married,Graduate,Unemployed,1210348
C0180,Jessica Smith,Female,55,Married,Graduate,Salaried,1291627
C0181,Melissa Skinner,Female,57,Single,Graduate,Salaried,962761
C0182,Lisa Murphy,Female,50,Single,High School,Salaried,848213
C0183,Mary Jenkins,Female,55,Married,Postgraduate,Salaried,853339
C0184,Joanne Holt,Female,49,Married,Graduate,Self-employed,731054
C0185,Austin Keller,Female,23,Married,Graduate,Self-employed,811595
C0186,Brian Jones,Female,30,Married,PhD,Unemployed,362616
C0187,Erin Wood,Female,40,Married,Graduate,Unemployed,1420673
C0188,Jerry Massey,Female,60,Married,PhD,Unemployed,1427537
C0189,Cristina Houston,Male,43,Divorced,Postgraduate,Salaried,1176601
C0190,Keith Blair,Male,48,Divorced,High School,Unemployed,1661061
C0191,Jeffrey Perry,Female,31,Divorced,High School,Unemployed,486687
C0192,Blake Davis,Male,49,Married,High School,Salaried,1577938
C0193,Jorge Dalton,Male,25,Married,Graduate,Unemployed,272935
C0194,Christopher Davis,Male,55,Single,Postgraduate,Salaried,837365
C0195,Victoria Martin,Female,63,Married,PhD,Salaried,600052
C0196,Jacqueline Gonzales,Male,33,Single,High School,Unemployed,571390
C0197,Thomas Smith,Male,63,Married,High School,Self-employed,1864439
C0198,Eduardo Crawford,Female,27,Married,PhD,Salaried,1747582
C0199,Anthony Turner,Male,64,Divorced,High School,Salaried,1763791
C0200,Dawn Holmes,Male,28,Divorced,High School,Self-employed,280318
C0201,Amy Bennett,Male,56,Married,Graduate,Unemployed,1223917
C0202,Richard Brown,Male,36,Divorced,High School,Salaried,1899831
C0203,Ricardo Wang,Male,23,Divorced,PhD,Self-employed,1366489
C0204,Ann Smith,Male,43,Divorced,PhD,Unemployed,1908234
C0205,Brandi Carroll,Female,36,Married,Graduate,Salaried,1305945
C0206,Mitchell Watkins,Female,26,Married,PhD,Self-employed,1076969
C0207,Ms. Cindy Jacobs,Female,51,Divorced,High School,Salaried,1838122
C0208,Robert Nguyen DDS,Female,63,Single,Graduate,Salaried,1470969
C0209,Shelley Medina,Male,55,Divorced,PhD,Self-employed,1435177
C0210,Bruce Taylor,Female,26,Married,Postgraduate,Self-employed,221221
C0211,Christy Davis,Male,36,Married,PhD,Unemployed,770627
C0212,Timothy Garcia,Female,56,Married,High School,Salaried,1010962
C0213,Gloria Hamilton,Male,34,Married,Graduate,Unemployed,1561605
C0214,Heather Campbell,Male,25,Divorced,PhD,Unemployed,802955
C0215,Dr. Danielle Hicks,Male,48,Divorced,PhD,Salaried,1879550
C0216,Lauren Lawrence DVM,Male,26,Divorced,PhD,Self-employed,1534245
C0217,Jamie Ware,Female,54,Married,High School,Salaried,1311863
C0218,Brad Johnson,Male,24,Married,PhD,Unemployed,921020
C0219,Julie Smith,Female,35,Divorced,Graduate,Self-employed,1212620
C0220,Richard Turner,Male,57,Single,PhD,Self-employed,603947
C0221,Richard Bailey,Male,24,Single,Graduate,Unemployed,1843235
C0222,George Hall,Female,60,Single,Postgraduate,Unemployed,1261259
C0223,Veronica Nelson,Female,38,Divorced,Postgraduate,Salaried,1691244
C0224,Stephanie Wilson,Female,39,Divorced,Graduate,Salaried,978463
C0225,Stephen Parsons,Male,52,Married,Graduate,Salaried,945284
C0226,Molly Vega,Female,53,Single,High School,Self-employed,1818758
C0227,Brenda Olsen,Female,64,Married,PhD,Unemployed,599760
C0228,Crystal Brown,Female,29,Divorced,PhD,Self-employed,1240273
C0229,Michael Hopkins,Male,32,Divorced,Graduate,Unemployed,281686
C0230,Evan Gutierrez,Male,45,Single,Postgraduate,Salaried,1579649
C0231,Timothy Brooks,Male,53,Married,High School,Salaried,693149
C0232,Alyssa Reed,Female,42,Divorced,Postgraduate,Self-employed,643723
C0233,Carla Ballard,Female,36,Divorced,Graduate,Self-employed,1470688
C0234,Kimberly Sanchez,Female,62,Married,Postgraduate,Salaried,1538094
C0235,Mark Oconnor,Male,40,Married,Graduate,Salaried,362624
C0236,Joshua Moore,Female,55,Married,Postgraduate,Self-employed,1627265
C0237,Allison Dorsey,Male,34,Single,Postgraduate,Unemployed,1467704
C0238,Keith Miller,Female,52,Married,High School,Unemployed,1638134
C0239,Nathaniel Martin,Female,39,Divorced,Postgraduate,Self-employed,500477
C0240,Brandon Brown,Female,30,Married,Graduate,Salaried,1260947
C0241,Randy Rivera,Male,30,Single,High School,Self-employed,254666
C0242,Deanna Hernandez,Male,50,Single,PhD,Self-employed,458038
C0243,Amanda Williams,Female,27,Single,Postgraduate,Self-employed,800504
C0244,Adam Harris,Female,60,Divorced,High School,Salaried,745297
C0245,Michael Gonzalez,Male,47,Divorced,Graduate,Self-employed,1932672
C0246,Gabriela White,Female,59,Divorced,Postgraduate,Unemployed,1978207
C0247,Richard Salazar,Male,49,Married,PhD,Unemployed,1480043
C0248,Sarah Black,Female,27,Single,PhD,Salaried,438448
C0249,Christopher Saunders,Male,33,Divorced,Postgraduate,Self-employed,1331851
C0250,Brandy Leonard,Male,42,Single,High School,Salaried,1443669
C0251,Kim Moore,Female,48,Single,Graduate,Salaried,1974738
C0252,Colleen Acosta,Female,39,Single,Graduate,Salaried,1347638
C0253,Jesus Rivera,Female,48,Divorced,Graduate,Self-employed,1220635
C0254,Leah Smith,Male,37,Divorced,Postgraduate,Unemployed,260093
C0255,Andrea Ramsey,Female,49,Single,Graduate,Salaried,636593
C0256,Dr. Brian Barton,Male,43,Divorced,PhD,Self-employed,304570
C0257,Alexander Smith,Female,31,Single,Graduate,Salaried,1402462
C0258,Shane Bush,Female,22,Married,PhD,Unemployed,475391
C0259,George Davis,Male,64,Married,High School,Unemployed,1760609
C0260,Ashley Mullen,Female,49,Married,High School,Salaried,1363184
C0261,Joseph Walker,Male,45,Divorced,Postgraduate,Salaried,1400742
C0262,Timothy Roman,Female,31,Divorced,Graduate,Salaried,1777794
C0263,Stephanie Stephens,Male,42,Married,Graduate,Unemployed,843565
C0264,Erica Meyer,Female,22,Divorced,PhD,Unemployed,1350653
C0265,James Rowe,Male,60,Married,PhD,Unemployed,202470
C0266,Kristen Martinez,Male,43,Married,Graduate,Unemployed,1844118
C0267,Jay Stephens,Female,35,Single,Postgraduate,Unemployed,899086
C0268,Randall Maldonado,Male,45,Single,Postgraduate,Unemployed,1899378
C0269,Marvin Atkinson,Male,48,Married,Postgraduate,Salaried,1814284
C0270,Ms. Barbara Bell DDS,Male,65,Single,High School,Unemployed,1623629
C0271,Carrie Hampton,Female,22,Divorced,PhD,Unemployed,493436
C0272,Richard Reed,Male,48,Divorced,High School,Self-employed,1325297
C0273,Angela Moore,Male,26,Single,Graduate,Salaried,1116812
C0274,Patricia Vargas,Female,28,Single,Postgraduate,Salaried,1474482
C0275,Kristin Salas,Male,28,Married,PhD,Salaried,1161945
C0276,Michele Kelly,Male,21,Married,Postgraduate,Unemployed,1247557
C0277,Samuel Mcdonald,Female,58,Single,Graduate,Salaried,543173
C0278,Andres Williamson,Female,34,Single,PhD,Unemployed,1237490
C0279,Patricia Marshall,Male,22,Married,PhD,Salaried,1931594
C0280,Timothy Pierce,Male,25,Divorced,Graduate,Self-employed,1240285
C0281,Heather Herman,Male,41,Divorced,Graduate,Self-employed,1410771
C0282,Louis Spencer,Male,59,Divorced,Postgraduate,Salaried,1197664
C0283,Robert Williams,Male,45,Divorced,PhD,Self-employed,1875872
C0284,Tonya Smith,Female,39,Divorced,Graduate,Salaried,805839
C0285,Jason Clay,Female,23,Married,Graduate,Salaried,1940463
C0286,Lindsay York,Male,32,Divorced,High School,Self-employed,350425
C0287,Wayne Ross,Male,30,Divorced,PhD,Self-employed,658361
C0288,Michael Richardson,Female,46,Single,Graduate,Unemployed,1731511
C0289,Erik Bryant,Female,58,Single,Graduate,Salaried,1062780
C0290,Angela Taylor,Female,39,Single,PhD,Self-employed,247324
C0291,Patricia Osborne,Male,30,Single,High School,Self-employed,472234
C0292,Isaac Dudley,Male,27,Married,PhD,Salaried,1832887
C0293,Stacey Paul,Male,61,Married,High School,Self-employed,404974
C0294,Emily Horton,Male,47,Divorced,PhD,Self-employed,500202
C0295,Nicole Jensen,Male,36,Single,Postgraduate,Self-employed,962558
C0296,David Glenn,Female,63,Divorced,PhD,Self-employed,1685835
C0297,Tracey Montgomery,Female,51,Divorced,High School,Self-employed,381913
C0298,Jessica Kane,Female,21,Single,Graduate,Unemployed,1260455
C0299,Joshua Smith,Male,61,Single,Graduate,Unemployed,1378352
C0300,Erica Dominguez,Female,24,Married,High School,Unemployed,1656763
C0301,Kimberly Goodwin,Female,48,Single,High School,Self-employed,753020
C0302,Nancy Cruz,Male,50,Married,High School,Self-employed,1907440
C0303,Edward Collins,Female,29,Married,PhD,Unemployed,1647164
C0304,Jeremy Green,Male,47,Single,PhD,Unemployed,525997
C0305,Charles Brown,Female,32,Divorced,High School,Salaried,1219678
C0306,Donna Glenn,Male,22,Single,High School,Unemployed,1181384
C0307,Robert Rodgers,Male,45,Married,PhD,Salaried,380999
C0308,Noah Kim,Female,42,Single,Postgraduate,Self-employed,1444098
C0309,Natalie Johnston,Female,63,Married,Postgraduate,Self-employed,1461969
C0310,Timothy Krueger,Male,62,Married,Postgraduate,Self-employed,664429
C0311,Pamela Strong,Female,22,Divorced,High School,Self-employed,300137
C0312,Travis Williams,Male,62,Single,Graduate,Salaried,849953
C0313,Michael Holden,Female,32,Divorced,High School,Unemployed,1220741
C0314,Kristina Bush,Female,24,Divorced,Graduate,Salaried,1872987
C0315,Christopher King,Male,42,Single,Graduate,Unemployed,539993
C0316,Susan Gates,Female,32,Married,Graduate,Salaried,781598
C0317,Joyce Thompson DVM,Male,29,Married,Postgraduate,Self-employed,1279833
C0318,Justin Nelson,Male,48,Divorced,Graduate,Self-employed,1166616
C0319,Matthew Evans,Male,35,Divorced,PhD,Self-employed,922042
C0320,Virginia Scott,Male,34,Married,High School,Self-employed,560551
C0321,Michael Hoffman,Male,57,Divorced,PhD,Salaried,867895
C0322,Jessica Huffman,Male,50,Divorced,Postgraduate,Unemployed,349421
C0323,Danielle Jensen,Male,24,Single,Postgraduate,Salaried,1130173
C0324,Matthew Hammond,Male,40,Divorced,Graduate,Unemployed,1675539
C0325,Cynthia Lindsey,Female,62,Married,Postgraduate,Unemployed,1013867
C0326,Jasmine Jensen,Male,27,Single,Postgraduate,Salaried,1865211
C0327,Gregory Porter,Female,24,Married,PhD,Salaried,1842958
C0328,Theresa Murray DVM,Female,63,Divorced,Graduate,Self-employed,1645083
C0329,Bobby Bell,Female,59,Divorced,Postgraduate,Self-employed,1545672
C0330,Heather Olson,Male,32,Married,Postgraduate,Self-employed,1289091
C0331,Diane Armstrong,Female,30,Single,PhD,Unemployed,419267
C0332,Roberto Curtis,Female,49,Divorced,Postgraduate,Salaried,878555
C0333,Brandy Simmons,Female,39,Single,High School,Self-employed,1041963
C0334,Jessica Fuller,Male,47,Divorced,Graduate,Self-employed,953217
C0335,Sydney Grimes,Female,48,Married,Postgraduate,Self-employed,1701193
C0336,Michael Clark,Male,60,Married,Graduate,Self-employed,272338
C0337,Charles Anthony,Female,44,Divorced,PhD,Salaried,1232977
C0338,Brenda Frazier,Female,58,Divorced,Graduate,Unemployed,1991782
C0339,Sarah Lewis,Female,38,Married,High School,Self-employed,1050617
C0340,Sarah Jones,Female,22,Divorced,PhD,Unemployed,230167
C0341,Abigail Torres,Male,42,Married,High School,Self-employed,1120223
C0342,Michael Santiago,Female,60,Divorced,PhD,Salaried,1982054
C0343,Steven Mccoy,Male,41,Married,High School,Self-employed,221419
C0344,Paul Espinoza,Male,50,Divorced,Postgraduate,Unemployed,1144741
C0345,Stacy Burton,Male,63,Divorced,PhD,Self-employed,1042396
C0346,Miss Stephanie Morrison,Female,48,Married,PhD,Self-employed,1059577
C0347,Barbara Williams,Male,58,Married,High School,Self-employed,1483353
C0348,Andrew Mcdonald,Male,24,Single,PhD,Self-employed,1464308
C0349,Elizabeth Rodgers MD,Female,26,Divorced,PhD,Self-employed,1513626
C0350,Eric Lowe,Male,42,Single,Graduate,Unemployed,1043806
C0351,Selena Haas,Female,28,Single,Postgraduate,Salaried,208824
C0352,Jake Smith,Male,33,Single,High School,Unemployed,973169
C0353,Dalton Curry,Female,61,Single,High School,Self-employed,1763578
C0354,Susan Ferguson,Female,38,Divorced,Graduate,Unemployed,1846760
C0355,Michael Chen V,Female,38,Divorced,Postgraduate,Salaried,1694317
C0356,Victor Orozco,Female,21,Divorced,Postgraduate,Unemployed,1695198
C0357,Lori Wang,Male,65,Married,Postgraduate,Salaried,1863170
C0358,John Cochran,Female,32,Single,Graduate,Salaried,1349653
C0359,Daniel Salinas,Male,54,Divorced,High School,Self-employed,1691511
C0360,Catherine Faulkner,Male,52,Divorced,Postgraduate,Self-employed,1610868
C0361,Kelly Wheeler,Male,44,Divorced,Graduate,Salaried,942397
C0362,Holly Hunt,Female,35,Divorced,PhD,Salaried,1773672
C0363,Cynthia Bell,Male,57,Divorced,High School,Unemployed,271283
C0364,Robert Hernandez,Male,39,Married,Graduate,Self-employed,1905874
C0365,Katelyn Shaw,Male,34,Single,PhD,Unemployed,702141
C0366,George Hunter,Male,35,Married,High School,Salaried,662305
C0367,Makayla Hall,Female,50,Divorced,High School,Self-employed,614818
C0368,Patrick Williams,Male,37,Divorced,High School,Salaried,1920461
C0369,Jose Ramos,Male,39,Divorced,PhD,Self-employed,248157
C0370,Crystal Rivera,Female,22,Divorced,Postgraduate,Unemployed,1462791
C0371,James Powers,Female,63,Single,High School,Salaried,1280606
C0372,Philip Jenkins,Male,59,Divorced,High School,Salaried,1203235
C0373,Jason Vargas,Female,50,Married,Graduate,Self-employed,814394
C0374,Renee Davis,Female,53,Single,Graduate,Salaried,232263
C0375,Kim Wood,Male,45,Divorced,PhD,Unemployed,1472054
C0376,Kristine Cruz,Male,26,Married,Postgraduate,Unemployed,1826435
C0377,Norma Webb,Female,29,Single,PhD,Self-employed,1141501
C0378,Sabrina Keller,Female,40,Married,Graduate,Salaried,947739
C0379,William Bruce,Male,43,Single,Postgraduate,Salaried,306684
C0380,Catherine Wang,Male,58,Married,PhD,Self-employed,1975089
C0381,Jill Sims,Female,38,Married,PhD,Self-employed,768040
C0382,Marcia Rasmussen,Male,62,Married,Postgraduate,Unemployed,1923882
C0383,Mark Santos,Female,49,Married,Postgraduate,Unemployed,244533
C0384,Anthony Ellis,Female,63,Single,High School,Unemployed,943638
C0385,Janice Miller,Female,44,Single,PhD,Salaried,724704
C0386,Micheal Hill,Male,34,Married,PhD,Unemployed,732721
C0387,Andrew Hatfield,Male,47,Divorced,PhD,Self-employed,522174
C0388,Shari Jackson,Female,63,Divorced,Postgraduate,Self-employed,680421
C0389,Kimberly Lawson,Male,30,Single,PhD,Unemployed,1365770
C0390,Matthew Smith,Male,38,Married,High School,Unemployed,482778
C0391,Eric Wheeler,Female,44,Single,High School,Unemployed,1965424
C0392,James Black,Male,65,Divorced,High School,Unemployed,944777
C0393,Michael Michael,Male,59,Divorced,Postgraduate,Salaried,700693
C0394,Anthony Ford,Male,50,Married,Postgraduate,Unemployed,783512
C0395,Dustin Howard,Male,39,Divorced,PhD,Self-employed,720163
C0396,Elizabeth Martinez,Female,32,Divorced,High School,Self-employed,276274
C0397,Brenda Harris,Female,55,Divorced,High School,Self-employed,1759138
C0398,Brittney Walters,Female,45,Married,Postgraduate,Unemployed,731652
C0399,Robin Arroyo,Female,56,Divorced,High School,Salaried,1918389
C0400,Denise Flores,Male,59,Divorced,High School,Self-employed,1827766
C0401,Shelley Hampton,Male,35,Single,Postgraduate,Unemployed,918160
C0402,Joshua Anderson,Female,62,Single,Postgraduate,Self-employed,1949166
C0403,Debbie Barnes,Male,56,Married,Graduate,Self-employed,1969239
C0404,Andrew Foley,Female,27,Single,Graduate,Self-employed,1622265
C0405,Sharon Walker,Female,22,Married,PhD,Self-employed,1754515
C0406,Manuel Blankenship,Female,58,Married,Graduate,Salaried,1511330
C0407,Julie Gonzalez,Male,24,Divorced,PhD,Self-employed,658955
C0408,Bradley George,Male,64,Single,Graduate,Self-employed,970956
C0409,Heather Flynn,Female,63,Single,High School,Salaried,872444
C0410,Benjamin Schaefer,Male,47,Married,Postgraduate,Self-employed,1704010
C0411,Willie Ochoa,Male,33,Divorced,High School,Salaried,916851
C0412,Erika Mueller,Female,52,Divorced,Postgraduate,Unemployed,1927205
C0413,Ronald Santos,Male,55,Single,PhD,Salaried,1772879
C0414,Edgar Hayes,Male,49,Married,Graduate,Self-employed,1438763
C0415,Christopher Valenzuela,Female,54,Married,High School,Salaried,980011
C0416,Shirley Pham,Female,41,Divorced,Graduate,Unemployed,1534507
C0417,Sandra Perez,Female,59,Divorced,PhD,Self-employed,1843029
C0418,Alexandra Burns,Male,42,Married,Postgraduate,Salaried,1778708
C0419,Jesse Hays,Female,46,Married,Postgraduate,Unemployed,512383
C0420,Christy Moody,Male,38,Single,High School,Salaried,268889
C0421,Russell Lane,Male,59,Married,Postgraduate,Salaried,1198933
C0422,Cathy Robinson,Female,41,Divorced,Graduate,Unemployed,597284
C0423,Keith Hernandez,Male,34,Single,PhD,Self-employed,1297379
C0424,Deborah Collins,Female,28,Married,High School,Self-employed,1515323
C0425,David Bradshaw,Female,49,Married,PhD,Salaried,256330
C0426,Michael Young,Female,23,Married,PhD,Salaried,1037168
C0427,Kenneth Simon,Female,64,Divorced,High School,Unemployed,565973
C0428,Christopher Smith,Male,38,Married,Postgraduate,Unemployed,393226
C0429,Raymond Armstrong,Male,43,Married,Graduate,Unemployed,1390314
C0430,Scott Gutierrez,Male,42,Single,Graduate,Unemployed,1876659
C0431,Timothy Tate,Male,28,Single,Postgraduate,Salaried,901529
C0432,Jared Kline,Male,58,Divorced,PhD,Salaried,1322818
C0433,Luis Myers,Female,33,Married,PhD,Self-employed,1725006
C0434,Gabrielle Mason,Female,24,Single,High School,Unemployed,657811
C0435,Andrea Miller,Female,63,Single,Graduate,Self-employed,1969407
C0436,Kristina David,Male,58,Divorced,Graduate,Unemployed,1610155
C0437,David Pitts,Female,31,Single,Postgraduate,Salaried,1237224
C0438,Taylor Austin,Male,49,Single,Graduate,Salaried,1196951
C0439,Heidi Clarke,Male,32,Married,High School,Self-employed,1726304
C0440,Lindsay Francis,Female,61,Divorced,Postgraduate,Unemployed,1698464
C0441,Ronald Bennett,Male,24,Divorced,High School,Self-employed,1076250
C0442,Melanie Stewart,Female,21,Single,Graduate,Unemployed,771868
C0443,Brett Clayton,Female,39,Divorced,Graduate,Salaried,1519972
C0444,Samantha Hess,Male,61,Single,Postgraduate,Salaried,1676269
C0445,Bethany Anderson,Female,63,Divorced,Graduate,Salaried,681103
C0446,Cynthia Adams,Female,49,Single,Graduate,Self-employed,672293
C0447,Amy Bryant,Female,30,Divorced,Postgraduate,Self-employed,301352
C0448,Samantha Cannon,Female,48,Divorced,Graduate,Self-employed,1616015
C0449,Melissa Johnson,Male,24,Married,Graduate,Self-employed,1707336
C0450,Rachel Welch,Male,29,Divorced,High School,Unemployed,580236
C0451,Jill Miller,Male,47,Single,Postgraduate,Self-employed,231204
C0452,Matthew Ferguson,Male,37,Married,PhD,Self-employed,1903433
C0453,Dawn Myers,Male,34,Single,PhD,Self-employed,1274559
C0454,Jim Green,Male,21,Divorced,Postgraduate,Unemployed,1832644
C0455,Phyllis Nelson,Male,53,Married,PhD,Unemployed,672419
C0456,Sandra Wolf,Male,62,Married,PhD,Unemployed,1856323
C0457,Danielle Vega,Female,40,Divorced,PhD,Salaried,1051989
C0458,Adam Kennedy,Male,59,Single,Postgraduate,Salaried,692865
C0459,Brendan Allen,Male,36,Divorced,PhD,Unemployed,559901
C0460,Jared Christensen,Female,23,Divorced,PhD,Self-employed,1364550
C0461,Steven Martin,Male,32,Divorced,Postgraduate,Self-employed,1225252
C0462,Joy Jordan,Female,36,Married,High School,Self-employed,853448
C0463,Patricia Hahn,Male,24,Divorced,Postgraduate,Salaried,1784707
C0464,Robert Monroe,Female,60,Divorced,Postgraduate,Salaried,511527
C0465,Todd Garcia,Female,54,Divorced,Graduate,Unemployed,504257
C0466,Kyle Baker,Female,34,Single,PhD,Salaried,1067515
C0467,Jared Edwards,Female,49,Married,PhD,Salaried,747220
C0468,Jerome Poole,Female,31,Married,Graduate,Salaried,444502
C0469,Allison Lewis,Male,21,Married,Postgraduate,Unemployed,1489746
C0470,Stephanie Wheeler,Female,53,Divorced,PhD,Self-employed,595015
C0471,Leonard White,Male,42,Divorced,Postgraduate,Self-employed,861176
C0472,Ricky Taylor,Female,24,Divorced,Postgraduate,Unemployed,1968414
C0473,Angela Meyer,Male,35,Divorced,High School,Self-employed,1059244
C0474,Nicole Lamb,Male,41,Divorced,Postgraduate,Salaried,634680
C0475,Morgan Brooks,Female,59,Divorced,Postgraduate,Unemployed,328246
C0476,Jennifer Jones,Male,52,Single,Postgraduate,Self-employed,850541
C0477,Kenneth Hopkins,Male,30,Single,High School,Unemployed,1485393
C0478,Charles Cline,Female,21,Single,Postgraduate,Unemployed,214279
C0479,Patricia Brown,Female,23,Married,High School,Self-employed,1851545
C0480,Dorothy Roberts,Male,38,Single,Graduate,Unemployed,200602
C0481,Laura Johnson,Female,41,Married,Postgraduate,Unemployed,939017
C0482,Lauren Blackburn,Male,23,Single,High School,Salaried,843010
C0483,Gary Mckenzie,Male,39,Married,PhD,Unemployed,1556379
C0484,Tabitha Robertson,Female,23,Married,PhD,Unemployed,592348
C0485,Lisa Hall,Female,40,Single,High School,Salaried,1734930
C0486,Mark Newman,Female,51,Married,PhD,Unemployed,486596
C0487,Michael Rodriguez,Female,51,Single,Graduate,Self-employed,1970007
C0488,Bobby Hanson,Female,53,Married,Graduate,Unemployed,1189215
C0489,Allison Anderson,Female,46,Divorced,Postgraduate,Self-employed,1900838
C0490,Robert Caldwell,Female,43,Single,Graduate,Self-employed,1016464
C0491,Mary Edwards,Female,31,Married,High School,Unemployed,1555691
C0492,Joseph Cochran,Male,49,Divorced,PhD,Self-employed,1795593
C0493,Theresa Barton,Female,55,Divorced,Postgraduate,Self-employed,942307
C0494,Yolanda Werner,Male,40,Married,Postgraduate,Salaried,1626907
C0495,Sean Trevino,Male,41,Divorced,PhD,Salaried,759447
C0496,Tina Salinas,Male,53,Divorced,Graduate,Self-employed,1919626
C0497,Neil Gregory,Male,54,Single,Postgraduate,Unemployed,1440969
C0498,Connie Wells,Female,27,Married,Graduate,Unemployed,1050999
C0499,Rachel Larsen,Male,49,Single,High School,Salaried,330678
C0500,Scott Henson,Male,45,Divorced,Postgraduate,Unemployed,1010021
C0501,John Frank,Male,57,Married,High School,Unemployed,1036621
C0502,Thomas Fernandez,Female,52,Married,Graduate,Unemployed,1021272
C0503,Vickie Camacho,Female,39,Married,PhD,Self-employed,1555230
C0504,Jennifer Wolfe,Female,43,Divorced,Graduate,Unemployed,527658
C0505,Catherine Curry,Male,24,Married,PhD,Self-employed,1564212
C0506,Adam Gomez,Female,59,Married,Graduate,Unemployed,286327
C0507,Mrs. Laura Johnson,Male,45,Married,Postgraduate,Salaried,1228391
C0508,Ruth Mendoza,Male,52,Single,Graduate,Unemployed,818082
C0509,Ronald Gutierrez,Male,63,Married,High School,Unemployed,979830
C0510,Daniel White,Female,24,Divorced,PhD,Self-employed,936300
C0511,Cindy Jones,Female,42,Married,Postgraduate,Unemployed,218950
C0512,Jose Marsh,Male,33,Divorced,High School,Unemployed,1461355
C0513,James Yu,Male,49,Married,Graduate,Salaried,1295229
C0514,Pamela Smith,Male,43,Divorced,PhD,Self-employed,1272758
C0515,Caleb Cortez,Male,21,Divorced,High School,Self-employed,1085414
C0516,Jamie Jackson,Male,21,Divorced,Postgraduate,Unemployed,876938
C0517,Elizabeth Hernandez,Male,54,Divorced,Postgraduate,Salaried,1878005
C0518,Nathan Harrison,Male,50,Married,Postgraduate,Self-employed,1458546
C0519,Roy Smith,Male,31,Married,Postgraduate,Salaried,313440
C0520,Jonathan Price,Male,31,Divorced,High School,Unemployed,1764873
C0521,Heather Jimenez,Female,31,Divorced,Postgraduate,Self-employed,1697107
C0522,Heather Martinez,Female,32,Single,High School,Unemployed,207656
C0523,Kim Osborn,Male,32,Single,Postgraduate,Unemployed,917555
C0524,Daniel Robinson,Female,34,Single,Postgraduate,Salaried,1028725
C0525,John Davis,Male,52,Single,Graduate,Salaried,1260382
C0526,Brandy Mcdaniel,Male,36,Married,PhD,Unemployed,691452
C0527,Brian Cook,Female,49,Single,PhD,Salaried,1150534
C0528,Jorge Wright,Female,58,Married,High School,Salaried,641799
C0529,Patricia Hatfield,Female,65,Married,Postgraduate,Self-employed,485721
C0530,Regina Jenkins,Male,59,Divorced,Postgraduate,Unemployed,1071123
C0531,Charles Dougherty,Female,48,Married,High School,Self-employed,1437185
C0532,Jonathan Mcbride,Female,64,Single,Graduate,Salaried,518187
C0533,Melinda Villarreal,Female,38,Married,Graduate,Unemployed,847946
C0534,Michael Johnson,Female,63,Single,High School,Salaried,1445518
C0535,Nancy Wilson,Male,58,Married,Graduate,Unemployed,1506401
C0536,Alexandra Nicholson,Female,28,Single,Graduate,Unemployed,1889631
C0537,Amanda Hansen,Male,36,Single,Graduate,Salaried,762164
C0538,Dorothy Martin,Male,50,Divorced,PhD,Self-employed,724791
C0539,Tony Wolfe,Male,23,Single,PhD,Unemployed,729775
C0540,Derek Moran,Male,58,Married,Graduate,Unemployed,369141
C0541,Alyssa Clark,Male,34,Married,Postgraduate,Salaried,1152129
C0542,Erica Sullivan,Female,36,Married,PhD,Unemployed,812834
C0543,Meagan Jacobson,Male,59,Married,Postgraduate,Self-employed,563359
C0544,Dylan Jones,Male,32,Single,Postgraduate,Self-employed,1413977
C0545,Katrina Alvarez,Female,37,Married,Postgraduate,Self-employed,1852855
C0546,Alexandria Hernandez,Female,43,Married,Graduate,Unemployed,1140077
C0547,Amy Clements DDS,Female,35,Divorced,PhD,Salaried,1680169
C0548,Anthony James,Male,24,Single,Postgraduate,Unemployed,728590
C0549,Daniel Davis,Female,41,Single,Postgraduate,Self-employed,236634
C0550,Samantha Blevins,Male,37,Married,Postgraduate,Salaried,1427515
C0551,Rhonda Cameron,Male,41,Single,PhD,Salaried,1382196
C0552,Gloria Morris,Male,61,Divorced,Postgraduate,Unemployed,1765997
C0553,Carlos Russell,Female,33,Divorced,High School,Self-employed,250814
C0554,Annette Callahan,Female,21,Single,PhD,Self-employed,872016
C0555,Zachary Miller,Male,56,Single,Postgraduate,Salaried,1480440
C0556,Elijah Rivera,Female,64,Divorced,Postgraduate,Self-employed,1002542
C0557,Erica Harris,Female,45,Single,Postgraduate,Unemployed,680004
C0558,Michael Osborne,Female,60,Married,High School,Salaried,804687
C0559,Michael Fowler,Female,33,Divorced,Postgraduate,Salaried,1750203
C0560,Elizabeth Zavala,Male,52,Divorced,PhD,Unemployed,883400
C0561,Alexander Coleman,Female,34,Single,High School,Unemployed,1908800
C0562,Joel Martinez,Male,39,Married,Graduate,Unemployed,692910
C0563,Sarah Mccarthy,Female,65,Married,High School,Salaried,1251403
C0564,Charles Mendez,Male,36,Single,Graduate,Unemployed,367314
C0565,Daniel Johnson,Female,47,Married,High School,Self-employed,406557
C0566,Claudia Walter,Male,52,Divorced,Postgraduate,Salaried,467564
C0567,Shawn Forbes,Male,26,Married,Graduate,Unemployed,1494892
C0568,Jessica Sanchez,Female,45,Married,Postgraduate,Salaried,1394225
C0569,Zachary Clark,Female,63,Single,Graduate,Self-employed,1081348
C0570,Christopher Nolan,Male,50,Divorced,Graduate,Self-employed,1528990
C0571,Victor Ramirez,Female,65,Married,High School,Self-employed,1911786
C0572,Elizabeth Kline,Male,22,Married,Graduate,Salaried,1921836
C0573,Jeffrey Ross,Male,64,Single,Postgraduate,Unemployed,567951
C0574,Holly Martin,Male,45,Single,High School,Unemployed,723674
C0575,Megan Rojas,Male,48,Married,PhD,Self-employed,414133
C0576,Kevin Dixon,Male,65,Single,High School,Salaried,717732
C0577,Lorraine Marquez,Female,49,Single,High School,Self-employed,1723736
C0578,Paul Lin,Male,24,Single,Postgraduate,Unemployed,1199430
C0579,Darren Gonzales,Male,25,Married,Postgraduate,Salaried,410687
C0580,Garrett Morrison,Male,48,Married,PhD,Self-employed,1631269
C0581,Angie Butler,Male,45,Divorced,Graduate,Salaried,560741
C0582,Savannah Weaver,Female,63,Divorced,High School,Unemployed,546186
C0583,Brenda Gilbert,Male,39,Divorced,PhD,Salaried,833544
C0584,Crystal Robertson,Female,35,Married,Postgraduate,Salaried,811885
C0585,Karen Morgan,Male,38,Married,PhD,Self-employed,1612413
C0586,Raymond Edwards,Female,46,Single,Graduate,Salaried,1601077
C0587,Mitchell Bray,Female,39,Divorced,High School,Salaried,1047151
C0588,Logan Chan,Female,21,Single,Postgraduate,Unemployed,1950774
C0589,Harold Sellers,Male,25,Single,Graduate,Self-employed,1963351
C0590,Robert Solomon,Male,50,Single,Postgraduate,Salaried,1245761
C0591,Latasha Aguilar,Male,45,Married,PhD,Unemployed,1983327
C0592,Joshua Pratt,Female,56,Single,Postgraduate,Self-employed,1633231
C0593,Mario Nelson,Female,63,Divorced,Graduate,Unemployed,1826717
C0594,Lance Melton,Female,29,Married,Postgraduate,Self-employed,417592
C0595,Joshua Peterson,Female,38,Single,Postgraduate,Unemployed,1575412
C0596,Brenda Hamilton,Male,28,Married,Graduate,Self-employed,1166750
C0597,Samantha Thomas,Female,31,Married,Postgraduate,Unemployed,1871885
C0598,David Wilson,Male,23,Single,Graduate,Unemployed,1687370
C0599,Leslie Stone,Female,47,Single,Graduate,Unemployed,1775551
C0600,Mia Mason,Female,53,Married,Graduate,Self-employed,1881266
C0601,Victoria Schneider,Female,37,Single,PhD,Unemployed,1598333
C0602,Rebecca Smith,Female,62,Single,Graduate,Unemployed,1851217
C0603,Debra Peters,Female,63,Married,High School,Self-employed,1875622
C0604,Emily Romero,Female,43,Divorced,Postgraduate,Self-employed,1874991
C0605,Jose Ibarra MD,Male,22,Divorced,Postgraduate,Salaried,466136
C0606,Bryan Ellis,Female,61,Married,PhD,Self-employed,1328719
C0607,John Jones,Female,54,Divorced,Graduate,Unemployed,1927689
C0608,Kimberly Hunt,Male,29,Single,High School,Self-employed,350347
C0609,Jill Moyer,Female,51,Married,Graduate,Salaried,1725095
C0610,Randall Melton,Male,33,Divorced,PhD,Unemployed,1976103
C0611,Sandra Harris,Male,51,Single,Graduate,Self-employed,1634042
C0612,William Anthony,Male,54,Divorced,High School,Unemployed,823824
C0613,Sarah Clark,Female,33,Divorced,Postgraduate,Salaried,1934083
C0614,Tanya Nichols,Male,29,Single,Graduate,Unemployed,762234
C0615,Nancy Mcbride,Female,48,Married,PhD,Unemployed,490733
C0616,Christopher Horton,Female,50,Divorced,High School,Unemployed,487232
C0617,Mr. Jerry Byrd,Female,31,Divorced,PhD,Salaried,1600897
C0618,Samantha Ho,Female,33,Single,Graduate,Salaried,1255112
C0619,Tiffany Braun,Male,54,Divorced,Postgraduate,Self-employed,1353078
C0620,Brenda Guzman,Female,63,Divorced,PhD,Salaried,1278976
C0621,Whitney Russell,Female,36,Single,High School,Unemployed,535984
C0622,Renee Lindsey,Male,61,Single,PhD,Self-employed,1580430
C0623,Susan Alexander,Female,65,Divorced,High School,Salaried,873315
C0624,Justin Dominguez,Male,50,Married,High School,Unemployed,999725
C0625,Melissa Lewis,Male,65,Single,High School,Unemployed,217970
C0626,Nathan Brown,Female,43,Married,Postgraduate,Unemployed,1313689
C0627,Anthony Fitzgerald,Female,34,Divorced,Graduate,Unemployed,1926300
C0628,Christina Roberts,Male,37,Single,Postgraduate,Self-employed,235445
C0629,James Maldonado,Female,33,Single,High School,Unemployed,427908
C0630,Richard Nguyen,Male,44,Married,High School,Self-employed,430520
C0631,Monica Martin,Male,24,Divorced,Postgraduate,Self-employed,1740284
C0632,Kim Smith,Female,28,Divorced,Postgraduate,Unemployed,259684
C0633,Jennifer Rose,Male,35,Married,PhD,Unemployed,1289281
C0634,Ryan Morris,Female,61,Single,Postgraduate,Unemployed,312196
C0635,Steven Sanders,Male,50,Divorced,High School,Self-employed,571209
C0636,Robin Reynolds,Female,22,Single,PhD,Unemployed,1102309
C0637,Allison Reyes,Female,55,Divorced,Postgraduate,Unemployed,1321403
C0638,Martin Flynn,Male,53,Single,Graduate,Unemployed,1663274
C0639,Michael Williams,Female,51,Married,PhD,Unemployed,1486045
C0640,Jimmy Griffin,Female,33,Single,High School,Self-employed,680780
C0641,Dorothy Spence,Female,44,Divorced,Graduate,Salaried,1716401
C0642,David Phelps,Male,29,Single,PhD,Unemployed,797529
C0643,Amy Carrillo,Male,60,Divorced,Postgraduate,Self-employed,881656
C0644,Matthew White,Male,44,Divorced,High School,Unemployed,1074226
C0645,Jesse Kelly,Male,48,Divorced,Postgraduate,Salaried,1810137
C0646,Melissa Young,Female,35,Married,PhD,Unemployed,1939000
C0647,Christine Fuller,Female,30,Divorced,Graduate,Self-employed,1843842
C0648,Nicole Mccoy,Female,44,Divorced,High School,Unemployed,1899596
C0649,Jack Massey,Female,25,Single,PhD,Unemployed,1120482
C0650,James Montgomery,Male,51,Single,Graduate,Unemployed,1517196
C0651,Pamela Diaz,Female,26,Single,Graduate,Self-employed,678553
C0652,Jeremy Owens,Female,39,Divorced,High School,Unemployed,319390
C0653,Henry Weiss,Male,36,Single,PhD,Self-employed,955269
C0654,James Martinez DVM,Female,39,Divorced,Graduate,Unemployed,799177
C0655,Edward Graves,Female,60,Married,Graduate,Unemployed,1870043
C0656,James Lee,Female,32,Single,High School,Salaried,1370835
C0657,Paul Arias,Female,47,Single,PhD,Salaried,616903
C0658,Antonio Gates,Female,62,Single,High School,Unemployed,1052919
C0659,Catherine Strickland,Female,55,Single,Postgraduate,Unemployed,1789080
C0660,Derrick Griffith,Female,48,Married,PhD,Self-employed,1917241
C0661,Janet Hunter,Male,50,Divorced,Postgraduate,Unemployed,914188
C0662,Craig Dean,Male,46,Single,PhD,Salaried,1106419
C0663,Linda Kelley,Male,65,Married,High School,Unemployed,1369728
C0664,Lisa Jacobs,Female,55,Divorced,Graduate,Self-employed,365996
C0665,Valerie Benson,Female,37,Single,High School,Salaried,1719124
C0666,Jessica Brown,Male,60,Divorced,Postgraduate,Self-employed,313818
C0667,Michael Vasquez,Female,25,Single,Graduate,Self-employed,1108219
C0668,Chelsea Anderson,Female,65,Single,Postgraduate,Unemployed,1159957
C0669,Robin Moore,Male,34,Married,PhD,Self-employed,596851
C0670,Jennifer Lane,Female,41,Married,PhD,Unemployed,1734030
C0671,Eric Harvey,Male,34,Divorced,PhD,Unemployed,873853
C0672,Ronald Anderson,Male,50,Divorced,Postgraduate,Unemployed,1175986
C0673,Charles Mcmahon,Male,55,Divorced,PhD,Unemployed,1336286
C0674,Tammy Copeland,Male,28,Married,High School,Self-employed,1538177
C0675,Angelica Doyle,Male,48,Single,PhD,Unemployed,1090256
C0676,Scott Conrad,Female,46,Single,High School,Unemployed,775230
C0677,Mariah Adams,Female,41,Married,High School,Unemployed,648853
C0678,Haley Hernandez,Male,40,Divorced,PhD,Self-employed,1174443
C0679,Derek Cruz,Female,50,Married,Graduate,Salaried,1786887
C0680,Laura Brewer,Female,50,Divorced,PhD,Salaried,496752
C0681,Richard Garcia,Male,59,Married,PhD,Unemployed,1532985
C0682,Norma Elliott,Male,59,Married,Postgraduate,Self-employed,1679937
C0683,Edward Mejia,Female,55,Married,High School,Self-employed,700147
C0684,John Schmidt,Female,51,Divorced,Postgraduate,Salaried,1306881
C0685,Brenda Henderson,Female,60,Single,Graduate,Self-employed,1065806
C0686,William Obrien,Male,50,Divorced,Postgraduate,Unemployed,1346503
C0687,Elizabeth Stephens,Female,50,Single,Postgraduate,Self-employed,1363723
C0688,Jenna Garcia,Female,39,Divorced,Postgraduate,Self-employed,1175405
C0689,James Sparks,Male,28,Divorced,High School,Self-employed,1449728
C0690,Luke Mccarthy,Male,26,Divorced,Graduate,Self-employed,1100991
C0691,Christine Wilson,Male,54,Divorced,Graduate,Salaried,1336581
C0692,Nancy Williams,Male,60,Married,PhD,Salaried,1655923
C0693,Robert Carroll,Female,44,Divorced,Postgraduate,Salaried,376254
C0694,Stephanie Boyd,Male,54,Married,PhD,Self-employed,1158423
C0695,Shannon Davis,Male,28,Divorced,PhD,Salaried,520012
C0696,Terry Noble,Female,63,Divorced,Postgraduate,Self-employed,677444
C0697,Eric Vazquez,Male,29,Divorced,PhD,Unemployed,662625
C0698,Roberto Allen,Female,64,Married,Postgraduate,Salaried,1899613
C0699,Steven Harris,Female,60,Divorced,Graduate,Unemployed,230125
C0700,Thomas Suarez,Male,47,Married,PhD,Unemployed,487781
C0701,Janice Reyes,Female,29,Single,High School,Unemployed,1521554
C0702,Aaron Barron,Male,60,Divorced,Postgraduate,Salaried,1351240
C0703,Christopher Young,Male,42,Divorced,Graduate,Salaried,541930
C0704,Christopher Ward,Female,32,Divorced,Graduate,Self-employed,1131894
C0705,Shane Trevino,Male,64,Single,Graduate,Salaried,404151
C0706,Glenn Gray,Female,48,Single,High School,Self-employed,1790074
C0707,Albert Arroyo,Female,44,Divorced,Graduate,Self-employed,1410821
C0708,Barry Hill,Female,52,Married,High School,Self-employed,1682175
C0709,Jennifer Harrell,Male,46,Divorced,Graduate,Self-employed,1725234
C0710,Matthew Williams,Female,55,Married,High School,Self-employed,1682686
C0711,Katelyn Burton,Female,37,Married,Postgraduate,Unemployed,204314
C0712,Lisa Perez,Female,31,Married,Postgraduate,Salaried,310157
C0713,Gerald Curtis,Female,45,Divorced,Graduate,Self-employed,622904
C0714,Jose Peterson,Male,28,Single,High School,Unemployed,1566143
C0715,Deborah Ortega,Female,62,Single,High School,Salaried,1271063
C0716,Luis Campbell,Male,43,Single,PhD,Salaried,505200
C0717,Steven Cochran,Male,28,Divorced,PhD,Unemployed,651313
C0718,Julie Hanson,Female,57,Single,High School,Unemployed,1506094
C0719,Amy Arias,Female,48,Single,High School,Unemployed,254054
C0720,Brandon Campbell,Male,25,Divorced,Postgraduate,Unemployed,1311031
C0721,Anna Serrano,Male,33,Divorced,PhD,Salaried,1492727
C0722,Priscilla Brown,Male,63,Married,PhD,Salaried,1572752
C0723,Alexander Avery,Female,54,Married,Postgraduate,Unemployed,1983568
C0724,Makayla Smith,Female,61,Divorced,Graduate,Self-employed,1772193
C0725,Jacob Hamilton,Female,50,Single,Postgraduate,Unemployed,967209
C0726,Emily Harmon,Female,32,Divorced,High School,Salaried,1992859
C0727,Lindsay Brown,Male,23,Divorced,Postgraduate,Self-employed,1534480
C0728,Samantha Alvarez,Female,51,Married,Postgraduate,Unemployed,871793
C0729,Denise Hart,Female,28,Divorced,High School,Unemployed,241354
C0730,Alison Peterson,Female,43,Divorced,Postgraduate,Unemployed,1096376
C0731,Dennis Hawkins,Male,60,Single,High School,Self-employed,1281904
C0732,Christopher Crawford,Female,62,Divorced,Graduate,Salaried,1386143
C0733,Laura Bauer,Female,53,Married,PhD,Self-employed,353760
C0734,William Ryan,Female,46,Single,Postgraduate,Self-employed,1304813
C0735,Robert Burke,Female,25,Married,Graduate,Unemployed,1810220
C0736,Michael Trujillo,Female,31,Divorced,Graduate,Unemployed,709042
C0737,Suzanne Henson,Female,60,Divorced,High School,Self-employed,527069
C0738,Elizabeth Foster,Male,27,Married,PhD,Salaried,1131854
C0739,Charles Manning,Female,46,Married,Graduate,Salaried,566394
C0740,Andrew Gardner,Female,52,Married,High School,Self-employed,1419701
C0741,Randy Kline,Male,53,Single,Graduate,Self-employed,847793
C0742,Jessica Jones,Female,38,Divorced,High School,Self-employed,1296027
C0743,Isabel Adams,Male,53,Married,Postgraduate,Unemployed,521023
C0744,Brandi Villarreal,Male,62,Single,PhD,Self-employed,1143008
C0745,Leah Lane,Male,50,Married,Postgraduate,Unemployed,1445525
C0746,Christopher Webster,Female,37,Single,PhD,Self-employed,1886053
C0747,Bruce Wallace,Male,26,Divorced,Graduate,Self-employed,1402395
C0748,Morgan Short,Male,53,Divorced,High School,Self-employed,582967
C0749,Riley Daniels,Male,28,Divorced,PhD,Unemployed,354485
C0750,Drew Mcpherson,Male,44,Single,Graduate,Unemployed,1196425
C0751,Jennifer Lawson,Female,46,Single,Graduate,Salaried,944948
C0752,Melissa Mcknight,Female,35,Married,High School,Salaried,1971888
C0753,Christopher Fisher,Female,35,Single,Postgraduate,Self-employed,1375088
C0754,Mackenzie Cervantes,Female,59,Single,High School,Self-employed,517316
C0755,Kelly Clark,Male,47,Divorced,Postgraduate,Self-employed,1824428
C0756,Thomas Patterson,Male,65,Single,Postgraduate,Unemployed,482308
C0757,Jim Clements,Female,50,Divorced,High School,Salaried,489844
C0758,Tammy Lawson,Male,58,Divorced,Postgraduate,Salaried,416679
C0759,Travis Pham,Female,44,Married,Postgraduate,Unemployed,1868830
C0760,Victoria Anderson,Male,38,Married,High School,Unemployed,291744
C0761,Lisa Nguyen,Male,62,Divorced,High School,Self-employed,1032753
C0762,Jasmine Garza,Male,54,Single,Graduate,Unemployed,1451156
C0763,Matthew Peterson,Female,57,Single,Postgraduate,Salaried,1257690
C0764,Aaron Richardson,Male,42,Divorced,Postgraduate,Salaried,272429
C0765,John Myers,Female,26,Divorced,High School,Salaried,249706
C0766,Julia Riley,Female,58,Single,High School,Unemployed,812273
C0767,Ethan Bradford,Female,34,Single,Graduate,Salaried,857188
C0768,Jacqueline Mendoza,Male,44,Divorced,Postgraduate,Self-employed,496834
C0769,Breanna Moreno,Female,28,Married,PhD,Unemployed,907055
C0770,Faith Christian,Female,22,Married,High School,Self-employed,518295
C0771,Nathaniel Jimenez,Female,31,Married,PhD,Self-employed,1879325
C0772,Daniel Brown,Male,39,Divorced,Graduate,Unemployed,1296297
C0773,Shane Wright,Male,50,Divorced,PhD,Self-employed,1478585
C0774,Edward Holmes,Female,46,Married,High School,Self-employed,1332122
C0775,Tina Hunter,Male,65,Single,High School,Unemployed,339038
C0776,Kimberly Barnes,Male,37,Divorced,High School,Unemployed,589647
C0777,Mark Armstrong,Male,49,Married,Postgraduate,Salaried,571208
C0778,Carlos Hart,Female,45,Divorced,PhD,Salaried,1336801
C0779,Cheryl Miller,Female,45,Single,PhD,Unemployed,611405
C0780,Eric Barnett,Female,53,Single,Graduate,Salaried,775733
C0781,William Atkins,Male,47,Married,Postgraduate,Self-employed,269022
C0782,Seth Ward,Male,28,Divorced,High School,Unemployed,1855075
C0783,Amanda Davis,Female,59,Divorced,PhD,Unemployed,1311620
C0784,Mrs. Julia Ballard,Female,31,Divorced,High School,Self-employed,1591934
C0785,Christian Hamilton,Female,23,Single,Graduate,Unemployed,1974045
C0786,Kristin Wilson,Female,55,Divorced,Postgraduate,Self-employed,1975563
C0787,Michael Mora,Male,33,Single,Postgraduate,Salaried,1199430
C0788,Brianna Byrd,Female,45,Married,Graduate,Unemployed,1452599
C0789,Christopher Wagner,Female,60,Married,Postgraduate,Salaried,505057
C0790,Gary Hester,Female,55,Married,High School,Salaried,1748270
C0791,Melissa Wheeler,Male,33,Single,Graduate,Unemployed,531978
C0792,Traci Perez,Female,45,Married,Graduate,Salaried,1429938
C0793,Nicole Wells,Female,61,Divorced,Graduate,Self-employed,563919
C0794,Ronald Jones,Male,46,Divorced,Graduate,Self-employed,215572
C0795,Anthony Lee,Female,30,Married,Postgraduate,Salaried,1110668
C0796,Kirk Price,Female,43,Divorced,Graduate,Salaried,1567820
C0797,Michael Davis,Female,56,Single,PhD,Unemployed,454036
C0798,Christine Lewis,Female,40,Single,PhD,Salaried,1176850
C0799,Melinda Navarro,Female,52,Single,PhD,Salaried,1382118
C0800,Daniel Rose,Female,27,Single,High School,Salaried,360705
C0801,Natalie Bell,Male,30,Single,High School,Self-employed,1097962
C0802,Joann Scott,Female,30,Divorced,Postgraduate,Salaried,915765
C0803,Jacob Hudson,Female,59,Divorced,High School,Self-employed,1306834
C0804,Katherine Torres,Male,61,Divorced,Graduate,Salaried,867107
C0805,Shelby Clark,Male,35,Divorced,Graduate,Self-employed,1811106
C0806,Chad Clark,Female,39,Single,Graduate,Unemployed,1728252
C0807,Christine Patel,Female,22,Divorced,High School,Self-employed,1388044
C0808,Patricia Rogers,Female,59,Single,High School,Unemployed,1900602
C0809,Lindsay Weaver,Male,21,Single,High School,Salaried,1672019
C0810,Mrs. Maria Miller,Female,21,Single,Graduate,Self-employed,1326114
C0811,Brianna Meyers,Male,57,Married,High School,Salaried,380323
C0812,Derrick Jimenez,Male,21,Divorced,Postgraduate,Self-employed,748565
C0813,Philip Harris,Male,33,Single,PhD,Self-employed,847982
C0814,Vanessa Lewis,Male,63,Divorced,Graduate,Self-employed,1731549
C0815,Andrea Norman,Male,64,Divorced,High School,Salaried,325582
C0816,Benjamin Valencia,Female,27,Single,Postgraduate,Salaried,560460
C0817,Matthew Lewis,Male,28,Divorced,Postgraduate,Salaried,737067
C0818,Joel Bradley,Female,45,Married,Postgraduate,Unemployed,667203
C0819,Allison Smith,Female,51,Married,Graduate,Unemployed,1020975
C0820,David Molina,Male,33,Divorced,PhD,Salaried,815352
C0821,Tamara Moody,Male,35,Divorced,Postgraduate,Self-employed,423084
C0822,April Gordon,Female,40,Divorced,Graduate,Self-employed,1009754
C0823,Amber Ayala,Male,63,Married,High School,Self-employed,1871466
C0824,Brandon Bailey,Female,48,Married,Graduate,Unemployed,1874161
C0825,Gregory Jackson,Male,47,Divorced,High School,Salaried,1008430
C0826,Jennifer Garcia,Female,52,Divorced,Postgraduate,Self-employed,948229
C0827,Angela Gibbs,Male,44,Single,PhD,Unemployed,1379136
C0828,Randall Oliver,Male,22,Single,Graduate,Self-employed,736974
C0829,Anthony Villa,Female,50,Divorced,Postgraduate,Salaried,398561
C0830,Mr. Bradley Nguyen,Male,34,Married,High School,Self-employed,1628291
C0831,Morgan Miranda,Male,49,Single,High School,Unemployed,686947
C0832,Joyce Burgess,Male,53,Divorced,High School,Salaried,834021
C0833,Michael Leon,Male,23,Single,Graduate,Self-employed,1560862
C0834,Michelle Castillo DDS,Female,26,Single,PhD,Unemployed,722281
C0835,Hannah Rollins,Male,54,Married,High School,Self-employed,475574
C0836,John Miller,Female,26,Single,Graduate,Unemployed,324243
C0837,Jill Dennis,Male,49,Married,High School,Unemployed,1805890
C0838,Jose Sullivan,Male,46,Married,Graduate,Self-employed,826921
C0839,Jamie Smith,Male,59,Single,Postgraduate,Self-employed,456202
C0840,Calvin Martinez,Male,26,Divorced,Postgraduate,Salaried,1564101
C0841,Danielle Baker,Female,27,Married,Graduate,Self-employed,1024081
C0842,Jessica Gould,Male,37,Single,Graduate,Unemployed,636491
C0843,Regina Mueller,Male,46,Married,Graduate,Self-employed,1622695
C0844,Andre Sanders,Female,53,Married,Postgraduate,Unemployed,1389091
C0845,Taylor Harris DDS,Female,43,Divorced,High School,Self-employed,1559825
C0846,Harold Freeman,Female,33,Married,PhD,Unemployed,1222471
C0847,David Thomas,Female,44,Single,PhD,Self-employed,661314
C0848,Elizabeth Davis,Female,42,Single,Graduate,Self-employed,1094219
C0849,Jonathan Keller,Male,30,Divorced,Postgraduate,Self-employed,985993
C0850,Brandon Underwood,Male,25,Divorced,PhD,Self-employed,1070672
C0851,Lori Garcia,Female,38,Divorced,Graduate,Unemployed,215819
C0852,Amber Whitney,Male,49,Divorced,High School,Salaried,903935
C0853,Emma Carter,Female,65,Divorced,Postgraduate,Self-employed,1427724
C0854,Mark Wright,Male,26,Married,High School,Salaried,539583
C0855,Ann House,Female,51,Divorced,Graduate,Self-employed,297845
C0856,Jamie Taylor,Male,41,Married,High School,Self-employed,1333010
C0857,Bradley Bell,Male,31,Married,Graduate,Unemployed,1435070
C0858,Justin Martinez,Female,44,Divorced,High School,Unemployed,780164
C0859,Lisa Garcia,Male,47,Divorced,High School,Self-employed,1585296
C0860,Tina Fox,Female,29,Married,Postgraduate,Self-employed,782057
C0861,Anthony Franklin,Female,36,Married,Postgraduate,Salaried,1219511
C0862,Susan Robinson,Female,44,Divorced,Postgraduate,Salaried,261051
C0863,Jacob Johnson,Male,32,Single,PhD,Self-employed,1754782
C0864,Suzanne Cox,Male,39,Single,Postgraduate,Unemployed,689283
C0865,William Hodges,Male,22,Divorced,High School,Salaried,812433
C0866,Marc Gomez,Female,30,Married,PhD,Unemployed,995542
C0867,Allen Tran,Male,46,Divorced,PhD,Self-employed,1322417
C0868,Alejandra Campbell,Female,26,Divorced,High School,Self-employed,1701248
C0869,Brad Evans,Female,25,Married,PhD,Unemployed,499761
C0870,Michael Johnson,Female,29,Married,PhD,Salaried,1172956
C0871,Kristen Foster,Female,24,Single,High School,Unemployed,1378506
C0872,Eric Lewis,Male,26,Divorced,PhD,Salaried,1799296
C0873,Charles Russell,Female,54,Divorced,Postgraduate,Unemployed,1515396
C0874,Gary Ayala,Male,61,Divorced,PhD,Salaried,1530519
C0875,Amber Garner,Female,27,Married,PhD,Self-employed,1078150
C0876,Christopher Gregory,Male,45,Married,High School,Unemployed,414837
C0877,Raymond Tapia,Male,34,Single,High School,Unemployed,818670
C0878,Thomas Cochran,Female,55,Divorced,Graduate,Unemployed,1876066
C0879,Brooke Cook,Female,48,Single,Postgraduate,Unemployed,1053384
C0880,Andrea Walton,Male,30,Single,Graduate,Salaried,240393
C0881,Jennifer Salinas,Male,24,Divorced,PhD,Self-employed,1684935
C0882,Norman Ware,Female,57,Married,High School,Salaried,1578719
C0883,Ashley Guerra,Male,54,Single,Postgraduate,Self-employed,1506719
C0884,Jeremy Gray,Female,44,Married,Graduate,Self-employed,1018717
C0885,Tony Curry,Female,42,Married,High School,Salaried,838075
C0886,Pamela Ramos,Male,62,Married,Postgraduate,Unemployed,426899
C0887,Mr. Michael Jones,Male,49,Single,High School,Self-employed,1066501
C0888,Kayla Harvey,Male,53,Married,High School,Self-employed,1418028
C0889,Valerie Jackson,Female,27,Divorced,Postgraduate,Self-employed,1625561
C0890,Sierra Phillips,Female,45,Single,PhD,Unemployed,353467
C0891,Joshua Bowman,Male,34,Married,High School,Salaried,1401700
C0892,James Cunningham,Female,53,Divorced,PhD,Self-employed,1625962
C0893,Heather Peters,Female,34,Single,PhD,Self-employed,1488343
C0894,Thomas Morgan,Female,53,Married,Postgraduate,Salaried,247841
C0895,Jeff Mclaughlin,Female,63,Married,High School,Unemployed,1278780
C0896,Gregory Richardson,Male,34,Married,High School,Salaried,1072841
C0897,Terri Garcia,Female,22,Divorced,PhD,Self-employed,542279
C0898,Curtis Leon,Male,39,Divorced,Graduate,Self-employed,425456
C0899,Joseph Murray,Male,27,Married,PhD,Salaried,622461
C0900,Andrew Young,Male,48,Married,Postgraduate,Unemployed,964089
C0901,Jackie Graves,Male,63,Single,Graduate,Self-employed,1248903
C0902,Joel Fitzgerald,Male,44,Divorced,Graduate,Unemployed,1087584
C0903,Amanda Houston,Male,44,Married,Postgraduate,Unemployed,704852
C0904,Stephanie Avery,Female,46,Married,Graduate,Unemployed,862422
C0905,Jason Foster,Male,37,Divorced,PhD,Unemployed,811175
C0906,Veronica Lopez,Male,31,Divorced,High School,Self-employed,231669
C0907,Crystal Mcmillan,Male,28,Single,Graduate,Salaried,1212283
C0908,Angel Wright,Female,48,Married,Postgraduate,Unemployed,1995416
C0909,David Holmes,Male,40,Married,High School,Self-employed,286508
C0910,Alicia Oliver,Female,30,Divorced,PhD,Self-employed,1861729
C0911,Daniel Miller,Male,59,Married,Graduate,Unemployed,607946
C0912,Xavier Shea,Male,54,Single,Postgraduate,Unemployed,1801734
C0913,Christine Price,Female,41,Divorced,Postgraduate,Unemployed,1340404
C0914,Richard Brown,Female,49,Single,Graduate,Self-employed,1904644
C0915,Stacey Gutierrez,Male,25,Divorced,Graduate,Self-employed,839546
C0916,Joseph Hernandez,Male,62,Divorced,High School,Salaried,268467
C0917,Savannah Welch,Female,51,Married,Postgraduate,Self-employed,1717398
C0918,Amy Weaver,Male,54,Divorced,PhD,Unemployed,420104
C0919,Xavier Webb,Male,48,Married,Postgraduate,Self-employed,1249874
C0920,Jason Smith,Male,59,Divorced,PhD,Self-employed,1858830
C0921,Deborah Tucker,Male,41,Divorced,High School,Unemployed,511138
C0922,Morgan Stephens,Male,33,Divorced,Graduate,Self-employed,207677
C0923,Jennifer Cook,Female,23,Divorced,PhD,Unemployed,276608
C0924,Robert Turner,Female,34,Married,Postgraduate,Unemployed,1133739
C0925,Kathleen Rice,Male,47,Married,Graduate,Unemployed,659561
C0926,Andrew Cruz,Female,36,Divorced,High School,Salaried,893349
C0927,Robert Brown MD,Female,31,Divorced,PhD,Unemployed,317635
C0928,Danielle Richardson,Female,57,Married,Postgraduate,Self-employed,1023987
C0929,Janet Robinson,Male,46,Divorced,PhD,Salaried,1621364
C0930,Jessica Little,Female,59,Married,Postgraduate,Unemployed,1758857
C0931,Kara Rivera,Male,38,Married,High School,Self-employed,778458
C0932,Bethany Warren,Female,26,Single,High School,Self-employed,1545040
C0933,Tony Hamilton,Male,31,Single,Postgraduate,Salaried,918420
C0934,Anthony Stevenson,Male,58,Single,PhD,Salaried,333105
C0935,Crystal Mack,Female,60,Married,Postgraduate,Salaried,1399497
C0936,Christopher Hopkins DVM,Male,48,Divorced,Graduate,Salaried,558344
C0937,Jennifer Hill,Female,27,Divorced,Postgraduate,Unemployed,1190572
C0938,Carl Andrews,Female,22,Married,High School,Self-employed,1520369
C0939,Edwin Campbell,Female,32,Single,High School,Salaried,615699
C0940,Nathan Joseph DDS,Female,52,Married,High School,Unemployed,235205
C0941,Nancy Holmes,Female,27,Divorced,High School,Salaried,305567
C0942,Jason Perkins,Male,59,Married,PhD,Unemployed,1393693
C0943,Amber Kim,Female,44,Married,High School,Unemployed,942139
C0944,Kimberly Austin,Male,44,Single,PhD,Salaried,610384
C0945,Beth Bishop,Female,57,Divorced,Graduate,Self-employed,1389315
C0946,Geoffrey Jones,Male,55,Married,PhD,Self-employed,999290
C0947,Kristen Richardson MD,Female,50,Single,PhD,Unemployed,1178652
C0948,Randy Little,Female,49,Divorced,Postgraduate,Unemployed,1669157
C0949,Dawn Gentry,Male,32,Divorced,Graduate,Salaried,483918
C0950,Paula Ortiz,Female,59,Single,High School,Unemployed,876778
C0951,Eugene Wood,Female,42,Married,Graduate,Unemployed,377456
C0952,Nathan Franco,Female,58,Divorced,High School,Self-employed,234355
C0953,Joseph Wang,Male,27,Divorced,High School,Self-employed,1672811
C0954,Pamela Hernandez,Female,65,Divorced,Graduate,Unemployed,931375
C0955,David Crawford,Female,59,Single,Postgraduate,Unemployed,258780
C0956,Sara Friedman,Male,45,Married,Graduate,Unemployed,356941
C0957,Michael Briggs,Female,36,Divorced,PhD,Unemployed,1628470
C0958,Emily Hooper,Female,29,Single,High School,Salaried,812164
C0959,William Mccall,Female,47,Married,Postgraduate,Self-employed,1422973
C0960,Courtney Richardson,Female,35,Single,PhD,Self-employed,226180
C0961,Kimberly Wallace,Male,36,Divorced,PhD,Unemployed,466961
C0962,Bryan Stanley,Female,58,Single,Graduate,Self-employed,1293040
C0963,Terri Benitez,Female,52,Single,PhD,Unemployed,1175931
C0964,Erica Woodward,Male,25,Divorced,High School,Self-employed,1313332
C0965,Andrew Simmons,Male,40,Single,Graduate,Self-employed,756376
C0966,Haley Carson,Male,59,Single,Graduate,Self-employed,1546661
C0967,Janet Woodward,Female,48,Divorced,Postgraduate,Self-employed,528871
C0968,Kyle Martinez,Male,44,Single,High School,Self-employed,1519535
C0969,Michael Hall,Female,35,Single,Postgraduate,Salaried,249266
C0970,Megan Gordon,Female,36,Married,Postgraduate,Salaried,534606
C0971,Theresa Garrett,Male,41,Divorced,Postgraduate,Salaried,821505
C0972,Kristy Thomas,Male,38,Divorced,PhD,Self-employed,1165822
C0973,Joseph Gonzalez,Female,25,Single,PhD,Self-employed,284682
C0974,Jeffrey Weaver,Male,40,Divorced,PhD,Self-employed,505150
C0975,Crystal Martinez,Male,22,Single,Graduate,Unemployed,434687
C0976,Steven Trujillo,Male,40,Divorced,Postgraduate,Self-employed,458584
C0977,Sean Brown,Male,45,Divorced,PhD,Self-employed,1747656
C0978,Sarah Smith,Female,59,Divorced,Postgraduate,Salaried,811203
C0979,Jack Roberts,Female,25,Divorced,Graduate,Salaried,660192
C0980,Michael Mcgrath,Male,27,Married,Postgraduate,Salaried,451500
C0981,Marissa Hunt,Female,59,Single,Graduate,Unemployed,1850894
C0982,Monique Myers,Male,49,Single,High School,Self-employed,1666303
C0983,Victoria Herrera,Male,64,Divorced,PhD,Self-employed,1243214
C0984,Daniel Price,Male,26,Married,Postgraduate,Self-employed,836675
C0985,Mrs. Melissa Trujillo PhD,Female,53,Divorced,High School,Self-employed,1484359
C0986,Melissa Johnson,Male,47,Divorced,PhD,Self-employed,654833
C0987,Samuel Calderon,Male,47,Single,High School,Unemployed,481691
C0988,Joel Dixon,Female,63,Single,PhD,Salaried,990120
C0989,Frank Perez,Female,22,Divorced,High School,Salaried,1333059
C0990,Tara Williams,Male,65,Single,PhD,Salaried,1157672
C0991,Derek Scott,Female,62,Married,Postgraduate,Unemployed,1347487
C0992,William Brady,Female,24,Single,PhD,Self-employed,476745
C0993,Kevin Smith,Female,61,Single,PhD,Unemployed,1347138
C0994,Henry Foster,Male,54,Married,High School,Unemployed,652565
C0995,Jonathan Zimmerman,Female,45,Single,High School,Self-employed,282433
C0996,Courtney York,Male,45,Divorced,PhD,Unemployed,1408145
C0997,Daniel Wiley DDS,Male,36,Married,Graduate,Unemployed,1777478
C0998,Mary Vargas,Female,27,Divorced,Graduate,Salaried,346369
C0999,Kelly Joseph,Female,63,Married,High School,Salaried,1085270
C1000,Tracy Mcgee,Male,22,Divorced,Postgraduate,Self-employed,222053
